id,username,password
2,johnnykay,kay_johnny02
3,berk_n,n_berk03
4,aron_w,w_aron04
5,ryan_r,r_ryan05
6,bola_fam,fam_bola06
7,janelle_ergo,ergo_janelle07
8,mohamedjay,jay_mohamed08
9,syed_fah,fah_syed09
10,roig_r,r_roig10